,precision,recall,f1-score,support
N,0.92,0.6052631578947368,0.7301587301587301,38.0
Y,0.8469387755102041,0.9764705882352941,0.907103825136612,85.0
accuracy,0.8617886178861789,0.8617886178861789,0.8617886178861789,0.8617886178861789
macro avg,0.8834693877551021,0.7908668730650155,0.8186312776476711,123.0
weighted avg,0.8695105359216858,0.8617886178861789,0.8524378608345021,123.0
