Metric,Value
Accuracy,0.8617886178861789
Precision,0.8469387755102041
Recall,0.9764705882352941
F1 Score,0.907103825136612
ROC AUC,0.8513931888544891
